"Sr. No.","Role Name","Role Code","Email / Identifier","Phone / Mobile","Default Password","Login Page URL","Dedicated Dashboard Route","Access Scope & Description"
"1","Super Admin","SUPER_ADMIN","superadmin@nagarsevak.gov.in","9876543210","password123","http://localhost:5173/login","http://localhost:5173/super-admin/dashboard","SaaS Master Admin for global subscription plans and multi-corporation management"
"2","Corporation Admin","CORPORATION_ADMIN","admin@demomunicipal.gov.in","9876543211","password123","http://localhost:5173/login","http://localhost:5173/corporation/works/dashboard","Municipal Commissioner & Head Admin for corporation-wide infrastructure and budget"
"3","Ward Admin","WARD_ADMIN","wardadmin.ward24@demomunicipal.gov.in","9876543225","password123","http://localhost:5173/login","http://localhost:5173/ward/dashboard","Ward Administrative Head for assigned ward operations & asset maintenance"
"4","Corporator","CORPORATOR","corporator.ward24@demomunicipal.gov.in","9876543224","password123","http://localhost:5173/login","http://localhost:5173/corporator/dashboard","Elected NagarSevak for Ward 24 (Shivaji Nagar) complaints and fund monitoring"
"5","Department Head","DEPARTMENT_HEAD","depthead.water@demomunicipal.gov.in","9876543234","password123","http://localhost:5173/login","http://localhost:5173/department-head/dashboard","Executive Chief Engineer for department-wide SLA and officer workload management"
"6","Ward Officer","OFFICER","officer.water@demomunicipal.gov.in","9876543233","password123","http://localhost:5173/login","http://localhost:5173/officer/dashboard","Ward Officer / Engineer for verifying complaints and technical work orders"
"7","Field Staff","STAFF","staff.field@demomunicipal.gov.in","9876543244","password123","http://localhost:5173/login","http://localhost:5173/staff/dashboard","Field Staff for site inspections, data entry and field maintenance tasks"
"8","Contractor","CONTRACTOR","contractor.demo@infra.com","9876543255","password123","http://localhost:5173/login","http://localhost:5173/contractor/dashboard","Class A Municipal Contractor for assigned works, work orders and progress billing"
"9","Citizen","CITIZEN","citizen.demo@gmail.com","9876543299","password123","http://localhost:5173/login","http://localhost:5173/citizen/services","Nagarik Portal for filing complaints, paying property/water tax and online applications"
"10","Public User","PUBLIC_USER","N/A (No Login Required)","N/A","N/A","http://localhost:5173/public/roads/map","http://localhost:5173/public/roads/map","No-login public portal for viewing public notices, road closures, water schedules & tenders"